,F0semitoneFrom27.5Hz_sma3nz_amean,F0semitoneFrom27.5Hz_sma3nz_stddevNorm,loudness_sma3_amean,loudness_sma3_stddevNorm,spectralFlux_sma3_amean,spectralFlux_sma3_stddevNorm,mfcc1_sma3_stddevNorm,mfcc2_sma3_amean,mfcc2_sma3_stddevNorm,mfcc3_sma3_amean,mfcc3_sma3_stddevNorm,jitterLocal_sma3nz_amean,jitterLocal_sma3nz_stddevNorm,shimmerLocaldB_sma3nz_amean,shimmerLocaldB_sma3nz_stddevNorm,F1frequency_sma3nz_amean,F1frequency_sma3nz_stddevNorm,F1bandwidth_sma3nz_amean,F1bandwidth_sma3nz_stddevNorm,F2bandwidth_sma3nz_amean,F3frequency_sma3nz_stddevNorm,F3bandwidth_sma3nz_stddevNorm
0,34.51420211791992,0.2329288274049759,0.8192405700683594,0.9888210296630859,0.8786182999610901,1.344338297843933,1.156416416168213,13.127022743225098,1.0359545946121216,12.59935474395752,1.2871297597885132,0.040503568947315216,1.8530350923538208,1.4217491149902344,0.8800774216651917,601.9163208007812,0.41736727952957153,1234.4178466796875,0.24706314504146576,952.3833618164062,0.10632526874542236,0.6126245856285095
1,33.39340591430664,0.21861670911312103,0.5093181729316711,0.9570573568344116,0.44004425406455994,1.1519575119018555,0.9831106066703796,15.651409149169922,1.0478990077972412,19.92833709716797,1.0343940258026123,0.036245472729206085,1.856584072113037,1.572845220565796,0.7254955172538757,648.6792602539062,0.3775784969329834,1157.97314453125,0.24157536029815674,841.5463256835938,0.10621718317270279,0.5897655487060547
2,36.35519790649414,0.19479945302009583,0.6045694947242737,1.1095631122589111,0.45168888568878174,1.3654383420944214,1.3960498571395874,11.929868698120117,1.3436410427093506,7.693721294403076,2.2429442405700684,0.02790532447397709,2.22910737991333,1.3029117584228516,0.8295340538024902,689.728515625,0.4735826551914215,1255.237060546875,0.26690542697906494,997.392578125,0.13605600595474243,0.44233202934265137
3,33.150230407714844,0.1663844883441925,0.7531952857971191,0.9457844495773315,0.7147438526153564,1.0786595344543457,0.9207460284233093,18.499467849731445,0.7051234841346741,13.101238250732422,1.175426721572876,0.03432279825210571,1.9948629140853882,1.4072177410125732,0.8523198366165161,636.4080810546875,0.3238166570663452,1273.9761962890625,0.20772668719291687,969.8749389648438,0.10416962206363678,0.4100834131240845
4,39.98284149169922,0.18261344730854034,0.49761274456977844,1.4299436807632446,0.3845899701118469,1.5191177129745483,1.9587606191635132,7.642491340637207,2.2174594402313232,14.549697875976562,1.4480488300323486,0.03435610979795456,1.914080023765564,1.2791755199432373,0.6551327705383301,677.473876953125,0.5561238527297974,1093.7364501953125,0.2610031068325043,802.58056640625,0.14210347831249237,0.4064970016479492
5,36.47628402709961,0.14035633206367493,0.6261761784553528,0.9539620876312256,0.5684686303138733,1.3854129314422607,0.953474223613739,13.031147956848145,1.1476192474365234,12.912041664123535,1.219042420387268,0.02361436001956463,1.8690383434295654,1.2525908946990967,0.8392493724822998,686.4786376953125,0.29095253348350525,1140.1839599609375,0.265882283449173,867.7291259765625,0.0963812842965126,0.5338076949119568
6,34.8770751953125,0.1263853907585144,1.088034749031067,1.046817660331726,1.0182894468307495,1.149051547050476,0.8753157258033752,10.668971061706543,1.4863616228103638,8.490823745727539,2.033092737197876,0.027156203985214233,2.324408531188965,1.1939753293991089,0.9346505403518677,661.70751953125,0.32012519240379333,1255.958984375,0.22928966581821442,936.9182739257812,0.1183113381266594,0.341609388589859
7,22.695091247558594,0.29425811767578125,0.604502260684967,0.9895302653312683,0.6754079461097717,1.1194852590560913,0.8770483732223511,16.12505531311035,0.8022919297218323,17.153100967407227,0.9986138343811035,0.05915579944849014,1.5013374090194702,1.8949100971221924,0.7352014183998108,542.2319946289062,0.3462422788143158,1311.7568359375,0.20752407610416412,1071.8797607421875,0.11681915074586868,0.5910766124725342
8,33.943878173828125,0.20682081580162048,1.6862245798110962,0.762749433517456,1.1909494400024414,0.8610364198684692,1.1581302881240845,8.520378112792969,1.6992493867874146,7.530941963195801,2.4895479679107666,0.025928225368261337,1.909117579460144,1.1160666942596436,0.9181686043739319,555.0546264648438,0.5225386023521423,1195.51611328125,0.2739705741405487,832.9983520507812,0.10536988824605942,0.6068146824836731
9,37.34978485107422,0.20221540331840515,0.6907569169998169,1.090067982673645,0.5669323801994324,1.3173069953918457,1.6237001419067383,1.8845657110214233,9.373037338256836,1.369832158088684,15.367654800415039,0.04753854498267174,1.727910041809082,1.5430043935775757,0.6643396615982056,651.66845703125,0.4305277168750763,1199.8194580078125,0.2893497943878174,889.2702026367188,0.11956910789012909,0.5546941757202148
10,37.26306915283203,0.20602983236312866,0.6888101696968079,1.0292061567306519,0.5828447341918945,1.2745769023895264,1.7204746007919312,16.030649185180664,0.8237045407295227,9.362449645996094,1.5715291500091553,0.03104320727288723,1.998960256576538,1.3430176973342896,0.9259096384048462,700.0015869140625,0.3453410267829895,1135.2259521484375,0.29226717352867126,881.5936889648438,0.08449938893318176,0.48499545454978943
11,36.09698486328125,0.22526726126670837,1.1792256832122803,0.9609372019767761,1.0857163667678833,1.1723147630691528,1.486109972000122,3.199615240097046,4.4182844161987305,15.317633628845215,1.4500309228897095,0.04802662134170532,1.781097412109375,1.5051522254943848,0.7152148485183716,603.0555419921875,0.48505833745002747,1157.5400390625,0.2922269105911255,803.5031127929688,0.112334243953228,0.52036452293396
12,34.481998443603516,0.11528865993022919,0.882280707359314,1.2786511182785034,0.7690722346305847,1.3174253702163696,1.080350637435913,9.51275634765625,1.6547856330871582,13.252890586853027,1.3476686477661133,0.02146528661251068,1.8791228532791138,1.314988136291504,0.81452876329422,529.1953735351562,0.37544429302215576,1164.4837646484375,0.21893027424812317,876.5753173828125,0.12241639196872711,0.6101306676864624
13,38.8677864074707,0.15694187581539154,0.6977781057357788,1.036847710609436,0.8108189105987549,1.2899417877197266,1.3286200761795044,12.480321884155273,1.2064735889434814,16.04367446899414,1.388262391090393,0.029058042913675308,1.9717786312103271,1.3174253702163696,0.9172731041908264,772.62939453125,0.506285548210144,1204.044921875,0.24956050515174866,911.8964233398438,0.11828156560659409,0.4496719539165497
14,32.78593444824219,0.2235315442085266,1.7633603811264038,0.8327502012252808,1.513218641281128,0.892240583896637,1.2694177627563477,13.019181251525879,0.937705934047699,11.909661293029785,1.3571981191635132,0.045465096831321716,2.1260986328125,1.2532641887664795,0.8069651126861572,558.4661865234375,0.5290101170539856,1162.6915283203125,0.25650671124458313,858.9054565429688,0.11920925974845886,0.4485972821712494
15,34.71421432495117,0.1575511246919632,1.0623672008514404,0.8881507515907288,1.0210248231887817,1.0584241151809692,1.0368471145629883,18.748992919921875,1.0214290618896484,13.931085586547852,1.5213327407836914,0.04111434891819954,2.090775489807129,1.2911465167999268,0.894841194152832,628.319091796875,0.32159948348999023,1153.6158447265625,0.22463920712471008,773.68701171875,0.1025412529706955,0.4913763105869293
16,35.51301193237305,0.1929667890071869,0.6392038464546204,1.046105146408081,0.494588702917099,1.2840040922164917,1.286624550819397,10.422667503356934,1.3918629884719849,8.235539436340332,2.204805374145508,0.03739408776164055,2.0979952812194824,1.3509804010391235,0.7893792986869812,645.05810546875,0.3604941666126251,1228.2100830078125,0.25373589992523193,917.0430908203125,0.10808005928993225,0.5178771615028381
17,36.48455047607422,0.17465929687023163,0.5156785249710083,1.2715167999267578,0.3435697853565216,1.462864875793457,1.5284526348114014,11.024444580078125,1.5380709171295166,6.807808876037598,2.271883249282837,0.0246199332177639,2.306818723678589,1.2938817739486694,0.8587199449539185,691.4608764648438,0.4315975308418274,1260.5401611328125,0.23775938153266907,1002.8729248046875,0.12133059650659561,0.40427953004837036
18,36.753074645996094,0.15743455290794373,0.8526892066001892,1.0698524713516235,0.709990382194519,1.3094089031219482,1.2192121744155884,10.885387420654297,1.9912668466567993,6.677714824676514,4.076125621795654,0.030025770887732506,1.9033164978027344,1.1516836881637573,0.7287464141845703,642.409423828125,0.4297598898410797,1230.3209228515625,0.24201759696006775,898.4117431640625,0.11296573281288147,0.47159436345100403
19,33.28048324584961,0.20801836252212524,0.6000186204910278,1.1604478359222412,0.6018421649932861,1.3401771783828735,0.8874297738075256,12.273235321044922,1.2207735776901245,6.483184814453125,2.9538729190826416,0.053105395287275314,1.9658087491989136,1.4858336448669434,0.7938098311424255,652.2137451171875,0.3262622654438019,1276.3829345703125,0.21972297132015228,955.1325073242188,0.10790486633777618,0.44600799679756165
20,24.949663162231445,0.31767603754997253,0.8303480744361877,0.8382182717323303,0.808365523815155,0.9407894015312195,0.8987126350402832,17.198949813842773,0.763655960559845,9.228796005249023,1.928730845451355,0.034458257257938385,1.9359139204025269,1.607067584991455,0.7558310031890869,557.249267578125,0.40465012192726135,1290.623779296875,0.22700096666812897,1006.7653198242188,0.13991062343120575,0.48180335760116577
21,33.407379150390625,0.14258086681365967,0.815693199634552,0.9729999303817749,0.8365665078163147,1.133221983909607,0.7227814197540283,15.657018661499023,0.8348228931427002,17.377059936523438,0.9017831683158875,0.03314899653196335,2.2417829036712646,1.4262007474899292,0.7233930230140686,624.843994140625,0.296309232711792,1172.549072265625,0.22068098187446594,832.67431640625,0.08776655048131943,0.5672270059585571
22,36.852169036865234,0.2295297533273697,0.9855777621269226,1.1141027212142944,0.9877685308456421,1.3142216205596924,1.8342195749282837,11.339465141296387,1.232191562652588,16.35039520263672,1.1092596054077148,0.043336350470781326,2.045163154602051,1.3688907623291016,0.8416333794593811,600.5704345703125,0.5034543871879578,1146.188720703125,0.28099191188812256,894.6829833984375,0.12912367284297943,0.6409830451011658
23,24.438228607177734,0.3625740110874176,0.7551880478858948,0.9389829635620117,0.9704344272613525,1.1435356140136719,1.046750783920288,13.464314460754395,0.9343122243881226,24.736766815185547,0.6974084973335266,0.06899628043174744,1.4721224308013916,2.1120617389678955,0.6625731587409973,581.3534545898438,0.39142900705337524,1177.0037841796875,0.24604195356369019,964.6503295898438,0.12391513586044312,0.5461940169334412
24,39.95536422729492,0.18759480118751526,0.5740527510643005,1.4434866905212402,0.47406265139579773,1.6164991855621338,2.024221420288086,7.105569839477539,2.54011607170105,9.63359546661377,2.1090753078460693,0.038640040904283524,1.8912768363952637,1.321592092514038,0.6852115988731384,709.5255126953125,0.46245458722114563,1144.083740234375,0.26330944895744324,849.27978515625,0.13102443516254425,0.43296265602111816
25,35.178165435791016,0.25016823410987854,0.6495479345321655,1.1747002601623535,0.6419242024421692,1.441077470779419,1.8585567474365234,9.94823169708252,1.2940995693206787,9.787354469299316,1.683849573135376,0.04998895153403282,1.5830973386764526,1.635432243347168,0.6951362490653992,576.4534301757812,0.4911174476146698,1160.2276611328125,0.2636077105998993,907.2318115234375,0.12926805019378662,0.4738060534000397
26,35.06089782714844,0.1612660437822342,1.2764148712158203,0.9034530520439148,1.2953884601593018,1.0275152921676636,1.0401400327682495,11.447762489318848,1.2978122234344482,8.93176555633545,1.9357693195343018,0.0306425541639328,2.0533359050750732,1.2176129817962646,0.836882472038269,630.6681518554688,0.3402063548564911,1233.95166015625,0.23879091441631317,944.4035034179688,0.106049545109272,0.5134686827659607
27,39.798458099365234,0.12396630644798279,0.4698897898197174,1.1285520792007446,0.5556619763374329,1.404983639717102,0.9319614768028259,12.419703483581543,1.1343952417373657,5.041267395019531,3.1575894355773926,0.029362190514802933,2.155217409133911,1.2119841575622559,0.9168029427528381,709.0302734375,0.2716624438762665,1216.719970703125,0.1949538141489029,985.1859130859375,0.09255007654428482,0.40614670515060425
28,36.248897552490234,0.15236932039260864,0.8381073474884033,0.9766085743904114,0.6190704703330994,1.1821502447128296,1.095192313194275,4.758344650268555,3.2673754692077637,4.186211585998535,4.396434783935547,0.026903079822659492,2.301934242248535,1.1371769905090332,0.790052056312561,606.231201171875,0.3991681933403015,1267.3651123046875,0.26660796999931335,957.6598510742188,0.13402771949768066,0.4509918987751007
29,38.24641036987305,0.16738860309123993,0.932040274143219,0.9219672083854675,0.8107863664627075,1.267992377281189,1.3401089906692505,17.083776473999023,0.8867188692092896,12.168230056762695,1.1637849807739258,0.03084605745971203,2.313389301300049,1.1361888647079468,0.9640975594520569,721.3771362304688,0.3427082300186157,1080.2613525390625,0.2982601821422577,804.7728271484375,0.08598927408456802,0.5738541483879089
30,32.504268646240234,0.19662144780158997,0.5469183325767517,0.9713407158851624,0.6759132146835327,1.218399167060852,0.903357744216919,21.481645584106445,0.6752480864524841,14.004587173461914,1.115917682647705,0.05393838509917259,1.8736015558242798,1.5698322057724,0.8471051454544067,667.65771484375,0.34703969955444336,1307.0701904296875,0.20644259452819824,1074.8243408203125,0.10177265107631683,0.33451828360557556
31,36.16590118408203,0.16109998524188995,0.4848562777042389,0.9175022840499878,0.4230155348777771,1.2026290893554688,1.1126222610473633,14.63857650756836,0.9792490005493164,11.55759334564209,1.292675256729126,0.03524249419569969,2.161802291870117,1.4585636854171753,0.7452483773231506,654.461181640625,0.34184762835502625,1229.9903564453125,0.23770533502101898,982.8103637695312,0.11445178836584091,0.476980060338974
32,34.430091857910156,0.1758708357810974,0.8070678114891052,0.9733532667160034,0.7008476257324219,1.1727876663208008,1.1161069869995117,16.254980087280273,0.8099294304847717,9.894895553588867,1.713974952697754,0.04033514857292175,2.0907928943634033,1.3097275495529175,0.8643269538879395,598.2312622070312,0.35668206214904785,1274.8851318359375,0.21690568327903748,983.4804077148438,0.10448195785284042,0.49933868646621704
33,35.504085540771484,0.158748596906662,0.6607115864753723,1.115829586982727,0.6933484077453613,1.3976682424545288,0.9325048327445984,15.95718002319336,1.0674947500228882,5.452110290527344,3.068732976913452,0.037330128252506256,2.0586254596710205,1.357729196548462,0.7815024256706238,675.3897094726562,0.28896915912628174,1229.658935546875,0.19706133008003235,926.4884643554688,0.09482730180025101,0.4746364951133728
34,33.99087142944336,0.17520153522491455,0.7645412087440491,0.997125506401062,0.8525547981262207,1.1755094528198242,0.8195354342460632,15.043869018554688,0.9550898671150208,16.91040802001953,1.055282711982727,0.03702051565051079,2.2017812728881836,1.4176394939422607,0.7330295443534851,650.3278198242188,0.3016812205314636,1180.08544921875,0.21173225343227386,830.4264526367188,0.0824638232588768,0.48237279057502747
35,38.68726348876953,0.21305134892463684,0.640852153301239,1.0945684909820557,0.5819725394248962,1.609398603439331,1.5718698501586914,6.564500331878662,2.2754995822906494,11.169973373413086,1.5472859144210815,0.04323972016572952,2.079939365386963,1.346459150314331,0.8430764675140381,744.7322998046875,0.5308139324188232,1189.9920654296875,0.2933949828147888,966.437255859375,0.1328672170639038,0.4821159541606903
36,30.99750328063965,0.2474612295627594,0.4835399091243744,0.9976502656936646,0.6707373857498169,1.2252352237701416,0.9124886989593506,22.119691848754883,0.6221525073051453,17.300735473632812,0.8649243712425232,0.07098813354969025,1.9025169610977173,1.7218681573867798,0.8980484008789062,657.6995239257812,0.32409873604774475,1313.6190185546875,0.19264592230319977,1136.5406494140625,0.10959896445274353,0.32263919711112976
37,33.22505187988281,0.1776774674654007,0.879643976688385,1.0182034969329834,0.8256843090057373,1.1640450954437256,0.883478045463562,12.982331275939941,0.997309148311615,19.945072174072266,0.9598752856254578,0.037965577095746994,2.2296173572540283,1.367922306060791,0.8691244125366211,599.9583129882812,0.3909379839897156,1244.277099609375,0.2302219420671463,928.0721435546875,0.09357303380966187,0.45132824778556824
38,39.22201919555664,0.14864003658294678,0.6926155090332031,1.2714866399765015,0.6563911437988281,1.5623927116394043,1.1101188659667969,4.748201370239258,3.554086208343506,0.28066015243530273,66.32603454589844,0.03827467933297157,1.9307019710540771,1.4540680646896362,0.7900052070617676,711.6651000976562,0.35223883390426636,1227.064697265625,0.2693234384059906,928.4332275390625,0.1310535967350006,0.5658230185508728
39,21.951129913330078,0.2778549790382385,0.8446955680847168,0.9400283098220825,0.8415230512619019,1.13899564743042,0.8947324156761169,10.996772766113281,1.051505446434021,18.727907180786133,1.0584044456481934,0.029376566410064697,1.672642707824707,1.5784894227981567,0.8623167872428894,501.3357238769531,0.4480029344558716,1172.5025634765625,0.22402028739452362,863.741943359375,0.11202725023031235,0.5024951696395874
40,32.97411346435547,0.1994256228208542,1.120750904083252,0.7959319949150085,1.058817744255066,0.9157934188842773,0.8789753317832947,15.705739974975586,0.8221274614334106,12.359994888305664,1.2981089353561401,0.043713439255952835,1.9426885843276978,1.3169389963150024,0.8300507068634033,576.1988525390625,0.3744508624076843,1297.8076171875,0.2612476646900177,1040.3638916015625,0.10569238662719727,0.41798868775367737
41,36.17686462402344,0.22123731672763824,0.5918682217597961,1.0310888290405273,0.3350886404514313,1.2400527000427246,1.6238116025924683,7.747217655181885,2.0098483562469482,8.135161399841309,1.964682936668396,0.03360079973936081,1.884026050567627,1.24518883228302,0.7848506569862366,608.8489379882812,0.4936578869819641,1178.5135498046875,0.26895657181739807,898.1689453125,0.12415025383234024,0.4501330852508545
42,35.10136032104492,0.13455186784267426,0.5745697021484375,1.0857535600662231,0.6083808541297913,1.5268815755844116,0.9732218980789185,11.114968299865723,1.3350367546081543,9.067657470703125,1.7716596126556396,0.029635114595294,2.038186550140381,1.3458795547485352,0.8387791514396667,633.0617065429688,0.2867667078971863,1234.5633544921875,0.2281733602285385,938.5775146484375,0.1008998230099678,0.4539499282836914
43,36.69198989868164,0.16806764900684357,1.2853032350540161,0.8195888996124268,1.315686821937561,0.9703394770622253,0.9135050773620605,10.528467178344727,1.563376784324646,9.436288833618164,1.5810858011245728,0.03159834444522858,1.9278945922851562,1.2462124824523926,0.838463544845581,579.784423828125,0.39967191219329834,1279.943359375,0.23318946361541748,984.0032958984375,0.11301302909851074,0.48937496542930603
44,37.09430694580078,0.21208526194095612,0.6831681132316589,0.9827279448509216,0.4829888641834259,1.2651712894439697,1.2963109016418457,-0.8139653205871582,-21.020410537719727,0.39994150400161743,46.614986419677734,0.0419597290456295,1.7539563179016113,1.5713133811950684,0.539806604385376,676.171630859375,0.47623732686042786,1222.6119384765625,0.30288174748420715,913.7152099609375,0.1315947026014328,0.5420413613319397
45,34.35988998413086,0.22000393271446228,1.4340351819992065,0.938159704208374,1.145250678062439,1.1680631637573242,1.8351795673370361,7.828122615814209,2.114492893218994,14.954899787902832,1.254868745803833,0.03165522217750549,2.0855112075805664,1.240308165550232,0.821019172668457,573.8309326171875,0.5808292031288147,1136.71826171875,0.2663588523864746,813.9494018554688,0.11041601002216339,0.591612696647644
46,34.30168533325195,0.12163655459880829,0.9452178478240967,1.121833086013794,0.8837803602218628,1.226855993270874,0.8943033814430237,11.650383949279785,1.4214930534362793,12.924017906188965,1.3487013578414917,0.026419823989272118,2.395533800125122,1.295087218284607,0.7575608491897583,553.7700805664062,0.34263354539871216,1187.65087890625,0.22405700385570526,871.0015258789062,0.12132439017295837,0.5415796637535095
47,35.27248764038086,0.16609469056129456,1.2015647888183594,0.8185607194900513,1.2108794450759888,0.9535113573074341,0.864277184009552,13.251864433288574,1.23299241065979,17.247699737548828,0.9828032851219177,0.04128454998135567,2.1260550022125244,1.354259967803955,0.7894550561904907,531.9725952148438,0.3849402070045471,1206.2874755859375,0.2203700989484787,927.915283203125,0.10569646209478378,0.525638222694397
48,22.04098892211914,0.31326740980148315,0.6000455021858215,1.113525390625,0.9717519283294678,1.2647051811218262,1.1918145418167114,17.40907859802246,0.7704695463180542,13.03955364227295,0.8988472819328308,0.06563591212034225,1.747577428817749,1.6983866691589355,0.9259787797927856,556.2884521484375,0.4162059426307678,1413.020751953125,0.1832011640071869,1125.6500244140625,0.12410423904657364,0.3960631787776947
49,32.29850387573242,0.17546167969703674,0.5984936952590942,1.0687754154205322,0.6228014826774597,1.4458428621292114,0.8056026101112366,16.781314849853516,0.8880709409713745,6.019023418426514,2.8746519088745117,0.04568478465080261,1.9596762657165527,1.5606050491333008,0.7638430595397949,666.470458984375,0.27122363448143005,1224.236572265625,0.19791525602340698,917.6345825195312,0.10545800626277924,0.4487643539905548
50,35.12998580932617,0.17989078164100647,0.7952249050140381,1.032871961593628,0.6312915086746216,1.2227164506912231,1.327954649925232,10.475688934326172,1.430153727531433,6.662534713745117,2.4027464389801025,0.03550440073013306,2.174246311187744,1.4889143705368042,0.7368547320365906,651.8555297851562,0.3739812970161438,1218.468994140625,0.2546672224998474,911.3506469726562,0.11042707413434982,0.5327205657958984
51,41.8543701171875,0.15822555124759674,0.6567409634590149,1.2622798681259155,0.6158142685890198,1.6263556480407715,1.6817009449005127,6.732579231262207,2.400169610977173,7.058993339538574,2.6065938472747803,0.04372667148709297,1.7907365560531616,1.4072840213775635,0.7149043679237366,733.97119140625,0.45702674984931946,1089.941650390625,0.33955198526382446,867.2484741210938,0.12448299676179886,0.5146114230155945
52,32.86922073364258,0.21088942885398865,1.2335129976272583,0.8999187350273132,1.0545626878738403,1.0340991020202637,1.3122180700302124,12.69296646118164,0.9059354066848755,10.047298431396484,1.6023410558700562,0.04197395592927933,2.110445976257324,1.2399873733520508,0.8228466510772705,578.9096069335938,0.4983566403388977,1157.827880859375,0.25318875908851624,866.4131469726562,0.12746703624725342,0.43761521577835083
53,33.3530158996582,0.1784677952528,0.6850518584251404,1.189749002456665,0.6331200003623962,1.4633649587631226,1.071754813194275,14.943102836608887,1.084325909614563,15.731804847717285,1.0910484790802002,0.04258442670106888,2.2560617923736572,1.4417314529418945,0.8498080372810364,609.2644653320312,0.3525609076023102,1178.4237060546875,0.21708261966705322,914.1688232421875,0.09841319918632507,0.5106685161590576
54,33.956787109375,0.195357084274292,0.7898175716400146,0.9501984119415283,0.6971873044967651,1.1484512090682983,1.0161545276641846,15.249098777770996,0.9590725302696228,11.969076156616211,1.3241573572158813,0.03899650648236275,1.9746880531311035,1.3831759691238403,0.8077826499938965,607.8423461914062,0.37185540795326233,1257.773193359375,0.2336936742067337,963.614990234375,0.09949667751789093,0.46470025181770325
55,34.76005554199219,0.2748678922653198,0.8989578485488892,1.0133002996444702,0.9658882021903992,1.2829928398132324,2.215040922164917,11.760881423950195,1.0171006917953491,11.685733795166016,1.3827146291732788,0.06351632624864578,1.608628511428833,1.646321415901184,0.6596415638923645,564.3531494140625,0.5593343377113342,1113.6494140625,0.2519517242908478,856.3773193359375,0.13819363713264465,0.5313431024551392
56,35.33607482910156,0.19215047359466553,1.049091100692749,0.9579201936721802,1.182435393333435,1.2489713430404663,0.8452104330062866,0.3574056029319763,39.16627883911133,12.325553894042969,1.4533346891403198,0.04733704403042793,1.732194423675537,1.6296170949935913,0.7543604969978333,610.346435546875,0.41285738348960876,1226.16796875,0.26697641611099243,915.1796875,0.1055908054113388,0.5876691937446594
57,33.320465087890625,0.17100661993026733,1.4759413003921509,0.9192973375320435,1.1645554304122925,1.037225365638733,1.1636840105056763,8.952929496765137,1.8375518321990967,12.7054443359375,1.4398126602172852,0.03274074196815491,2.473053455352783,1.2476050853729248,0.869434654712677,566.1424560546875,0.5307198762893677,1197.0634765625,0.26942384243011475,860.0695190429688,0.11001824587583542,0.5650957226753235
58,35.966190338134766,0.14828400313854218,0.49644041061401367,1.0003235340118408,0.467062383890152,1.3142952919006348,1.0546181201934814,12.3987398147583,1.1879695653915405,11.574209213256836,1.3440390825271606,0.030941901728510857,1.8736333847045898,1.4073954820632935,0.7395387291908264,668.2614135742188,0.3482823967933655,1194.3544921875,0.2339242398738861,930.9356689453125,0.10724179446697235,0.501973032951355
59,36.69099807739258,0.12941981852054596,1.1154175996780396,1.072365641593933,0.978409469127655,1.2002068758010864,1.2213830947875977,1.000023603439331,14.291576385498047,5.271676063537598,3.118656635284424,0.027058489620685577,2.0855681896209717,1.2881453037261963,0.7690483331680298,626.587158203125,0.4336201250553131,1233.783203125,0.2847385108470917,934.4816284179688,0.13246028125286102,0.45556896924972534
60,35.49766159057617,0.15227527916431427,0.748209536075592,0.9642225503921509,0.5758014917373657,1.086362600326538,1.1924575567245483,10.38243293762207,1.4150813817977905,7.606679916381836,2.424887180328369,0.030410058796405792,2.0709030628204346,1.351778507232666,0.739354133605957,653.509765625,0.3691871762275696,1208.056396484375,0.2618216872215271,906.2745361328125,0.10787001997232437,0.5459713935852051
61,37.69903564453125,0.22619573771953583,0.9191586971282959,0.996748685836792,0.8766807913780212,1.2745521068572998,1.9150923490524292,8.036724090576172,1.4067965745925903,16.250839233398438,0.999430239200592,0.04579956457018852,1.8789080381393433,1.3479598760604858,0.8191047310829163,630.590087890625,0.5592432618141174,1142.5933837890625,0.27961552143096924,904.3556518554688,0.1340179443359375,0.5372364521026611
62,23.45572280883789,0.3797951638698578,0.5766273736953735,1.0784647464752197,0.7146561741828918,1.2376372814178467,1.0059597492218018,14.673222541809082,0.9271546006202698,17.343204498291016,0.8461865186691284,0.08766588568687439,1.5185381174087524,1.8987066745758057,0.7235041856765747,582.8916015625,0.3676968514919281,1291.5367431640625,0.23000051081180573,1057.0849609375,0.12643946707248688,0.4974804222583771
63,33.40358352661133,0.20337313413619995,1.1835097074508667,0.8372073173522949,0.7738300561904907,0.9151472449302673,1.2683337926864624,8.247153282165527,1.5748138427734375,8.746245384216309,1.9130477905273438,0.029830021783709526,1.8546452522277832,1.215380311012268,0.8436794281005859,541.831787109375,0.49589186906814575,1154.6046142578125,0.2480369657278061,886.1749877929688,0.11629589647054672,0.4327205717563629
64,34.70801544189453,0.1734989583492279,0.8868200182914734,0.8523849844932556,0.8952968716621399,1.1106693744659424,0.8596905469894409,13.392127990722656,1.0491175651550293,23.489580154418945,0.7469983100891113,0.03555184230208397,2.307034492492676,1.377828598022461,0.7245203852653503,635.66259765625,0.3679112195968628,1129.532470703125,0.24452516436576843,780.5047607421875,0.08826145529747009,0.531398355960846
65,35.64479446411133,0.15171276032924652,0.8319152593612671,0.9312599897384644,0.6982570886611938,1.1322426795959473,1.1518328189849854,17.7681884765625,0.998577892780304,8.484910011291504,2.1685190200805664,0.030400075018405914,2.308440685272217,1.1643928289413452,0.9615186452865601,695.03076171875,0.3502243757247925,1194.267578125,0.22271588444709778,865.1087646484375,0.09963582456111908,0.5116900205612183
66,37.34953689575195,0.14454858005046844,0.7820509076118469,0.7531596422195435,0.6287318468093872,1.0830960273742676,1.0809979438781738,20.4654541015625,0.6979264616966248,10.069575309753418,1.5302213430404663,0.03151529282331467,2.575392007827759,1.135837435722351,0.9248092174530029,696.1690673828125,0.32632675766944885,1091.20458984375,0.2592789828777313,831.5597534179688,0.08666551113128662,0.6243450045585632
67,32.097110748291016,0.24478089809417725,0.8983356356620789,0.9535255432128906,0.6590328812599182,0.9574432373046875,1.3311926126480103,11.42538833618164,1.043204665184021,13.192466735839844,1.1782132387161255,0.045761093497276306,1.8541290760040283,1.418224811553955,0.7809593081474304,559.049560546875,0.5137439370155334,1172.5010986328125,0.25637710094451904,906.3717651367188,0.13264672458171844,0.4098091721534729
68,32.12881088256836,0.23615625500679016,0.4769611954689026,0.9421607255935669,0.4516633450984955,1.246949315071106,0.8462950587272644,18.274188995361328,0.8673344850540161,17.56405258178711,0.9270721077919006,0.04318561404943466,2.0938920974731445,1.5731383562088013,0.818972110748291,663.0382080078125,0.2900422215461731,1159.3790283203125,0.21102915704250336,890.46533203125,0.09024226665496826,0.41761741042137146
69,39.528141021728516,0.11441055685281754,0.5726445913314819,1.4271026849746704,0.46903905272483826,1.6418499946594238,1.2125756740570068,2.825218915939331,4.450634956359863,-1.3746761083602905,-12.357726097106934,0.02578992024064064,2.380788803100586,1.2808177471160889,0.7579771280288696,709.1549072265625,0.3871802091598511,1271.262939453125,0.23862145841121674,927.378173828125,0.12152788043022156,0.4601619243621826
70,35.59980010986328,0.18333770334720612,0.8578082919120789,0.9172610640525818,0.8957510590553284,1.1724443435668945,1.0227938890457153,9.282933235168457,1.517596960067749,16.625707626342773,1.2030057907104492,0.04660632088780403,2.0502517223358154,1.5119540691375732,0.7272348403930664,633.2987060546875,0.3760465085506439,1161.9766845703125,0.2489268034696579,855.5255126953125,0.10456670820713043,0.5621818900108337
71,37.65012741088867,0.16223113238811493,0.7800427675247192,0.8110072016716003,0.7448793649673462,1.1989471912384033,0.9720659255981445,17.619129180908203,0.8979251384735107,8.908266067504883,2.098576545715332,0.029631154611706734,2.268354892730713,1.1624610424041748,0.8722087144851685,681.6616821289062,0.3297957479953766,1196.70458984375,0.24910198152065277,879.330322265625,0.11122437566518784,0.38634300231933594
72,34.40886688232422,0.12448979914188385,0.7982944846153259,1.1805435419082642,0.6907163262367249,1.3230537176132202,1.1225234270095825,11.666597366333008,1.2689476013183594,10.07282543182373,1.6703580617904663,0.02975878305733204,2.0316925048828125,1.37239408493042,0.8629071116447449,646.92822265625,0.3559836447238922,1239.2862548828125,0.26153719425201416,943.1669311523438,0.13894568383693695,0.415751576423645
73,34.141441345214844,0.12199055403470993,0.824506938457489,1.0161619186401367,0.6891802549362183,1.098099946975708,0.9075155258178711,10.214587211608887,1.5326019525527954,5.870823860168457,2.799766778945923,0.029795914888381958,2.392876386642456,1.3095110654830933,0.7676471471786499,666.0654296875,0.3117714822292328,1254.35205078125,0.20874331891536713,967.98193359375,0.10324525833129883,0.4708586633205414
74,22.49455451965332,0.29450511932373047,0.5699271559715271,1.1197881698608398,0.7519457340240479,1.3796721696853638,1.0581166744232178,14.673831939697266,0.9719440340995789,13.62609577178955,1.1051784753799438,0.04122473672032356,1.8260819911956787,1.8781113624572754,0.8509824872016907,528.0599975585938,0.359844833612442,1270.21875,0.23886024951934814,989.1832275390625,0.12808281183242798,0.3492337763309479
75,33.02033996582031,0.2030617594718933,1.3378655910491943,0.9102694392204285,0.9305371046066284,1.0257470607757568,1.5085207223892212,7.070098876953125,2.560443878173828,14.571619033813477,1.3333015441894531,0.028763651847839355,2.2868006229400635,1.173995018005371,0.8492535352706909,595.5203247070312,0.5433170795440674,1174.944091796875,0.29399606585502625,853.0885009765625,0.10763087868690491,0.602253794670105
76,20.99978256225586,0.1931610405445099,0.7116231918334961,0.9558264017105103,0.8894927501678467,1.0587347745895386,0.8700819611549377,20.652482986450195,0.6848279237747192,14.169845581054688,0.7995831966400146,0.035606805235147476,1.73188316822052,1.689908504486084,0.8850229978561401,604.7286987304688,0.3085140585899353,1296.74365234375,0.20231539011001587,1041.55859375,0.11550720781087875,0.35104045271873474
77,22.92046356201172,0.33467936515808105,0.587222695350647,0.9785739183425903,0.6963339447975159,1.1793861389160156,0.9796945452690125,17.03114128112793,0.8448610305786133,24.315486907958984,0.7530778646469116,0.03642314672470093,2.1213672161102295,1.6467572450637817,0.9532724022865295,540.4144287109375,0.4447041153907776,1243.27587890625,0.2250041663646698,1052.150390625,0.123145692050457,0.46674737334251404
78,37.24830627441406,0.15066690742969513,0.6777576208114624,0.8644558787345886,0.764275848865509,1.165920376777649,0.873198390007019,16.41708755493164,0.9280815124511719,8.175278663635254,1.76372492313385,0.03424219787120819,1.971206784248352,1.4493308067321777,0.8176400661468506,682.9301147460938,0.2892937958240509,1189.788818359375,0.20840932428836823,939.7400512695312,0.10420231521129608,0.3467849791049957
79,39.50220489501953,0.1914413720369339,1.0297170877456665,0.8134211301803589,0.8528533577919006,1.099010944366455,1.7015734910964966,3.952909469604492,3.8847248554229736,-4.960203647613525,-3.2201004028320312,0.036730632185935974,1.744257926940918,1.3996578454971313,0.6094703078269958,644.7362060546875,0.429588258266449,1136.8343505859375,0.32810357213020325,926.404052734375,0.134513720870018,0.50899338722229
80,36.53459930419922,0.15032698214054108,0.5783224105834961,1.03926682472229,0.5852720737457275,1.4417312145233154,1.0601216554641724,11.983054161071777,1.346010446548462,7.847985744476318,1.986854910850525,0.03429805859923363,1.9354908466339111,1.4169807434082031,0.7764019966125488,650.4921875,0.3526179790496826,1208.4873046875,0.24073339998722076,940.46923828125,0.10930084437131882,0.49109920859336853
81,29.337501525878906,0.3282001316547394,1.0014804601669312,0.6841607689857483,1.231683373451233,0.779425859451294,0.6489647030830383,14.9646577835083,1.0604780912399292,0.0675387755036354,238.50877380371094,0.06855810433626175,1.4181138277053833,1.7886850833892822,0.7648625373840332,688.3375854492188,0.24233487248420715,1287.098388671875,0.2330910861492157,978.0491943359375,0.08799507468938828,0.41162851452827454
82,36.79651641845703,0.1811528503894806,0.6095893383026123,0.947201132774353,0.6170384287834167,1.3332021236419678,1.100032925605774,15.13575267791748,0.9847994446754456,9.769837379455566,1.5386195182800293,0.035807784646749496,1.9793956279754639,1.4654985666275024,0.7798501253128052,671.16552734375,0.35516616702079773,1200.4869384765625,0.2278895229101181,955.1207885742188,0.11499691754579544,0.4006470739841461
83,36.90669250488281,0.16759055852890015,0.738250732421875,0.8263223171234131,0.6235916614532471,1.047708511352539,1.3075993061065674,13.103286743164062,0.9982407689094543,18.421171188354492,0.88031405210495,0.037728652358055115,2.2281086444854736,1.292496681213379,0.8075978755950928,669.309326171875,0.4028419256210327,1150.9530029296875,0.236179918050766,798.793212890625,0.12559473514556885,0.3854520916938782
84,37.94625473022461,0.22301839292049408,0.928464949131012,0.9671213626861572,0.7842104434967041,1.1458197832107544,1.2699722051620483,5.6133623123168945,2.37663197517395,11.214030265808105,1.6586765050888062,0.0548790767788887,1.9698494672775269,1.2441797256469727,0.8861926198005676,748.4197998046875,0.42335423827171326,1205.51025390625,0.2860685884952545,873.0707397460938,0.1137700304389,0.46798402070999146
85,33.63380432128906,0.2067938596010208,1.6967036724090576,0.7508392930030823,1.209753394126892,0.8916330933570862,1.052006721496582,7.876974105834961,1.8065316677093506,7.640703201293945,2.0994150638580322,0.030061258003115654,2.282796621322632,1.0963460206985474,0.849081814289093,580.1203002929688,0.4896852970123291,1203.4500732421875,0.2944641709327698,885.4187622070312,0.1044372022151947,0.5966693162918091
86,35.27860641479492,0.15662255883216858,0.9139675498008728,1.1776914596557617,0.8086969256401062,1.2702524662017822,0.9023436903953552,-0.8351825475692749,-19.237201690673828,8.310501098632812,2.309847593307495,0.04020119458436966,1.9835199117660522,1.2676489353179932,0.8498090505599976,641.1552734375,0.3414279818534851,1298.9615478515625,0.21894271671772003,983.016357421875,0.09691105782985687,0.5012498497962952
87,33.971134185791016,0.19061698019504547,1.9355812072753906,0.7157499194145203,1.490233302116394,0.7955982685089111,1.0133782625198364,8.12765884399414,1.8491593599319458,10.65141773223877,1.7090826034545898,0.034863609820604324,2.148164987564087,1.16524076461792,0.8572417497634888,552.0248413085938,0.5399800539016724,1165.977294921875,0.277876079082489,788.812255859375,0.10955484956502914,0.5757701992988586
88,34.34440612792969,0.17272908985614777,1.3677490949630737,0.7646793127059937,1.0876814126968384,0.9622980952262878,1.0851391553878784,10.392638206481934,1.447727918624878,16.415706634521484,1.2106305360794067,0.024830207228660583,1.7849814891815186,1.219104290008545,0.7314919233322144,564.1229858398438,0.4896000921726227,1109.297607421875,0.28207507729530334,794.646240234375,0.11620393395423889,0.4547206163406372
89,35.882137298583984,0.20405009388923645,1.0070303678512573,1.0371416807174683,0.9563413858413696,1.1394375562667847,1.1522388458251953,8.425249099731445,2.337463855743408,13.406525611877441,1.449265480041504,0.02851010113954544,1.839362382888794,1.2654988765716553,0.7204321026802063,641.4334106445312,0.4252772331237793,1188.3846435546875,0.3038920760154724,902.3427124023438,0.12138604372739792,0.45704400539398193
90,21.74370574951172,0.2610480785369873,0.5680105686187744,1.0729155540466309,0.706834077835083,1.1927274465560913,0.8776618838310242,16.18514060974121,0.7884118556976318,17.065006256103516,0.9666056632995605,0.06738637387752533,1.6279367208480835,1.977431297302246,0.7348372340202332,589.0753784179688,0.35242414474487305,1284.0587158203125,0.2213001251220703,1065.4415283203125,0.11751063168048859,0.5350443124771118
91,32.47758865356445,0.14006423950195312,0.6614112257957458,1.0803959369659424,0.6780045628547668,1.4651890993118286,0.7110811471939087,16.455078125,0.9444175362586975,5.569484710693359,3.252793312072754,0.04219706729054451,2.292569398880005,1.5171607732772827,0.8321558237075806,681.4161376953125,0.21389147639274597,1210.8138427734375,0.18712319433689117,888.597412109375,0.09799686074256897,0.41073235869407654
92,32.6880989074707,0.2161375731229782,1.4093366861343384,0.857333242893219,1.1791603565216064,0.9707412123680115,1.2545939683914185,10.433023452758789,1.256638765335083,10.482593536376953,1.4983973503112793,0.03780147060751915,2.02714204788208,1.2899771928787231,0.8316662907600403,570.2223510742188,0.48322540521621704,1145.1787109375,0.26800277829170227,889.7239990234375,0.13081450760364532,0.43279334902763367
93,35.54743194580078,0.17494750022888184,0.5902990102767944,1.1377071142196655,0.39131003618240356,1.431144118309021,1.2951488494873047,8.609046936035156,1.9715348482131958,7.150508403778076,2.400796890258789,0.03245618939399719,2.1765499114990234,1.3124802112579346,0.8189631104469299,668.6677856445312,0.4762766361236572,1222.198486328125,0.28147998452186584,976.337890625,0.13633055984973907,0.4547499418258667
94,34.64521026611328,0.20791374146938324,1.377439022064209,0.7923484444618225,0.9701955318450928,0.8817902207374573,1.2019717693328857,9.117831230163574,1.6051896810531616,12.173334121704102,1.5193405151367188,0.024310782551765442,1.8261899948120117,1.2264916896820068,0.8037633299827576,574.4095458984375,0.5321739315986633,1127.3822021484375,0.29602140188217163,798.9446411132812,0.10574044287204742,0.547751784324646
95,35.364994049072266,0.16878058016300201,0.6678500771522522,1.0468237400054932,0.5207796692848206,1.2257106304168701,1.2735793590545654,8.769269943237305,1.7640312910079956,8.248987197875977,1.9169713258743286,0.033119749277830124,1.7702163457870483,1.3016730546951294,0.7489345073699951,604.7451782226562,0.45461761951446533,1232.511962890625,0.27064061164855957,949.0335083007812,0.1243663802742958,0.4410853683948517
96,39.085323333740234,0.08663035929203033,0.5289391279220581,1.248809814453125,0.5549376606941223,1.3385568857192993,0.9728595614433289,12.71799087524414,1.199906826019287,-2.2760372161865234,-8.012160301208496,0.019015030935406685,2.047849655151367,1.3608782291412354,0.6812723278999329,684.2565307617188,0.2531028985977173,1289.2744140625,0.2014729380607605,938.2000732421875,0.102736696600914,0.42002320289611816
97,37.81318664550781,0.12409728020429611,1.2705036401748657,0.8730278611183167,1.1358757019042969,1.100744366645813,1.0133070945739746,-0.25572043657302856,-67.03321075439453,0.8621039986610413,25.05126953125,0.024767311289906502,1.6712430715560913,1.2639713287353516,0.6803488731384277,640.482421875,0.4183163046836853,1255.0794677734375,0.26652899384498596,947.2982788085938,0.130757138133049,0.4681759774684906
98,35.70542907714844,0.2570853531360626,0.8574768900871277,1.0095914602279663,0.7760905623435974,1.3036036491394043,1.6921696662902832,10.194222450256348,1.438313603401184,18.25131607055664,1.0716699361801147,0.05314358323812485,2.0660173892974854,1.5213518142700195,0.855074942111969,660.0756225585938,0.5605069398880005,1137.819580078125,0.28976985812187195,880.0809936523438,0.1291147768497467,0.5820905566215515
99,36.569984436035156,0.20286399126052856,0.9468998908996582,1.0386340618133545,0.9733560085296631,1.259591817855835,1.7763715982437134,15.408263206481934,0.9433425068855286,17.61760711669922,0.9816431403160095,0.03565075621008873,2.065901517868042,1.3379333019256592,0.8401736617088318,641.6851806640625,0.4928697943687439,1133.2196044921875,0.23145051300525665,948.439453125,0.13631442189216614,0.5693501830101013
100,32.57546615600586,0.16379182040691376,0.8024365305900574,1.0153706073760986,0.6896530389785767,1.329324722290039,0.8987924456596375,10.535039901733398,1.4032599925994873,18.1975040435791,0.9696809649467468,0.03340134024620056,2.4203858375549316,1.2656499147415161,0.9965495467185974,611.5857543945312,0.31560492515563965,1259.4742431640625,0.22865302860736847,961.2695922851562,0.08339296281337738,0.5169503092765808
101,35.55857467651367,0.2623119652271271,0.8279236555099487,1.109950065612793,0.8071514368057251,1.3835349082946777,1.4595646858215332,6.59079647064209,2.244631767272949,17.702823638916016,0.9645493626594543,0.044682711362838745,2.0103864669799805,1.496681571006775,0.8226431608200073,675.2227172851562,0.45161646604537964,1165.809814453125,0.28788328170776367,867.3607177734375,0.11979512870311737,0.5908421277999878
102,37.23029708862305,0.17204497754573822,0.7121741771697998,1.056713342666626,0.7244195938110352,1.5883957147598267,1.004660964012146,9.174798011779785,1.5791009664535522,9.309144020080566,1.8091940879821777,0.030752768740057945,1.7091964483261108,1.3236768245697021,0.8873085975646973,658.5758056640625,0.3876127600669861,1235.0947265625,0.26609545946121216,951.5618896484375,0.11046150326728821,0.44165417551994324
103,37.053504943847656,0.15110523998737335,0.5058906078338623,0.955172598361969,0.41298559308052063,1.3742375373840332,1.301133632659912,12.095199584960938,1.2779666185379028,9.144718170166016,1.6938111782073975,0.023627812042832375,1.3897639513015747,1.2854046821594238,0.8116257786750793,661.994873046875,0.3566119372844696,1171.210205078125,0.26034826040267944,919.3292236328125,0.11882193386554718,0.49603861570358276
104,37.676273345947266,0.20118001103401184,1.0989433526992798,0.8375259637832642,0.8946359753608704,1.0705046653747559,1.3222041130065918,16.281898498535156,0.8954747915267944,10.79327392578125,1.5477092266082764,0.039593715220689774,2.139767646789551,1.1217209100723267,0.9278588891029358,707.4797973632812,0.37009817361831665,1127.496337890625,0.2782766819000244,855.0131225585938,0.09360899776220322,0.6070020794868469
105,37.45930480957031,0.21704229712486267,0.4650029242038727,1.4010484218597412,0.28527089953422546,1.811147689819336,2.1243209838867188,9.891622543334961,1.9578843116760254,0.49628493189811707,40.83243179321289,0.03926031291484833,2.016862154006958,1.4896413087844849,0.6887520551681519,689.4680786132812,0.521499514579773,1232.6103515625,0.2903493046760559,950.5962524414062,0.15565811097621918,0.5131217837333679
106,35.23777770996094,0.1651441901922226,0.5674551725387573,1.0029292106628418,0.594186544418335,1.253377079963684,0.9426890015602112,17.233057022094727,0.9134056568145752,5.516878604888916,3.0880160331726074,0.03850001469254494,1.8803218603134155,1.5069280862808228,0.7331070899963379,657.615234375,0.2946958839893341,1256.821044921875,0.21052849292755127,984.2019653320312,0.09683028608560562,0.4388562738895416
107,32.66176223754883,0.19419334828853607,0.5939117074012756,1.1760728359222412,0.5285857915878296,1.3603829145431519,0.9266601204872131,8.872591018676758,1.6996830701828003,7.596875190734863,2.233907699584961,0.04515225812792778,2.0416712760925293,1.5530730485916138,0.7454344034194946,634.986083984375,0.2811570167541504,1246.7208251953125,0.20970813930034637,888.717529296875,0.10869812965393066,0.49456411600112915
108,33.68246078491211,0.20783793926239014,0.6706507802009583,1.2327295541763306,0.5695894956588745,1.366730809211731,1.0862239599227905,9.299196243286133,1.629414677619934,9.267030715942383,1.9128081798553467,0.04733722284436226,1.9338233470916748,1.4596854448318481,0.7770874500274658,622.318115234375,0.37313225865364075,1230.852294921875,0.2195085734128952,869.2012939453125,0.11267241090536118,0.5205240249633789
109,37.704551696777344,0.14335112273693085,0.852732241153717,0.99607253074646,0.6522924900054932,1.23952054977417,1.4957516193389893,2.0938339233398438,9.536722183227539,3.4340407848358154,5.793750286102295,0.03769846260547638,1.732446312904358,1.3649532794952393,0.6870234608650208,661.3419189453125,0.4741741716861725,1152.04833984375,0.2802078127861023,862.1154174804688,0.12613435089588165,0.5743308663368225
110,39.34370803833008,0.12797950208187103,0.7670925855636597,1.163500189781189,0.8269267082214355,1.2699538469314575,1.007869005203247,6.21812629699707,1.9649173021316528,5.207431793212891,2.6044681072235107,0.030628887936472893,1.8171659708023071,1.4123458862304688,0.8652873039245605,708.0428466796875,0.32247602939605713,1225.068603515625,0.251274973154068,942.4459838867188,0.09776385873556137,0.42571479082107544
111,34.35778045654297,0.17991994321346283,0.6701368093490601,1.1184861660003662,0.6941536068916321,1.3284872770309448,1.0406825542449951,13.450215339660645,1.1830198764801025,10.620469093322754,1.7180637121200562,0.0426919125020504,2.1946213245391846,1.466102957725525,0.7698939442634583,668.6834106445312,0.3084637224674225,1210.7352294921875,0.22643643617630005,880.4310913085938,0.09848301112651825,0.5643890500068665
112,38.19983673095703,0.16762764751911163,0.8681640625,1.1317050457000732,0.9168472290039062,1.4103657007217407,1.1462304592132568,8.111495018005371,1.4106675386428833,4.463827133178711,3.317488431930542,0.03750767931342125,2.1063671112060547,1.2068077325820923,0.9022064805030823,673.8677368164062,0.32179856300354004,1202.89892578125,0.22778475284576416,916.2313842773438,0.12385725975036621,0.4579361081123352
113,34.00986099243164,0.11858295649290085,0.979762613773346,1.0456923246383667,0.8686643242835999,1.1814088821411133,0.8533473610877991,12.857942581176758,1.162842869758606,13.854174613952637,1.2822847366333008,0.022714097052812576,2.069443464279175,1.2217471599578857,0.7668448090553284,536.2073974609375,0.3327873647212982,1201.208740234375,0.19265499711036682,882.7372436523438,0.11986576020717621,0.5536637902259827
114,39.15580749511719,0.19263263046741486,0.9175386428833008,0.9962824583053589,0.8816500902175903,1.2174930572509766,1.2807544469833374,7.325469493865967,1.7896714210510254,7.059852123260498,2.6762704849243164,0.04199285805225372,1.9289616346359253,1.0943059921264648,0.9621608257293701,747.3646850585938,0.40935006737709045,1184.730712890625,0.2713889479637146,905.5553588867188,0.12263815104961395,0.4299538731575012
115,34.81724548339844,0.18964499235153198,0.7057467103004456,1.1136481761932373,0.6104727983474731,1.3047090768814087,1.2456907033920288,7.385416030883789,1.9117940664291382,4.569136619567871,3.4374263286590576,0.04167225956916809,1.9614490270614624,1.5503535270690918,0.6909264922142029,666.5924682617188,0.3339475691318512,1234.805908203125,0.2520003914833069,943.0616455078125,0.11048788577318192,0.5620485544204712
116,25.484601974487305,0.3782460689544678,0.8962818384170532,0.8339741826057434,1.0157885551452637,0.9653822183609009,0.8460817337036133,17.26043701171875,0.7672433853149414,11.043889045715332,1.716909646987915,0.040981143712997437,1.8888801336288452,1.71646249294281,0.7335411906242371,584.3342895507812,0.4343165159225464,1303.5263671875,0.2102125883102417,1030.3883056640625,0.128392294049263,0.4313910901546478
117,34.97311782836914,0.1906352937221527,1.2381343841552734,1.0606125593185425,1.0680179595947266,1.1684049367904663,1.147181510925293,7.727187156677246,2.24440598487854,15.050636291503906,1.1410809755325317,0.029822945594787598,1.899103045463562,1.2639042139053345,0.8283698558807373,636.9194946289062,0.4254050552845001,1156.9234619140625,0.3010730445384979,911.4296875,0.13846355676651,0.44823527336120605
118,34.098388671875,0.17597220838069916,1.06643807888031,0.8625308871269226,0.9972325563430786,1.0502010583877563,0.9113322496414185,14.921417236328125,0.9743583798408508,7.957849025726318,2.0764644145965576,0.03927252069115639,2.0735552310943604,1.3417199850082397,0.8489903211593628,600.6591796875,0.382628858089447,1280.094970703125,0.22747944295406342,984.2581176757812,0.09810793399810791,0.49062108993530273
119,33.35017395019531,0.21088522672653198,1.2225041389465332,0.9618906378746033,0.9794089794158936,1.1174930334091187,1.665202021598816,7.901819229125977,2.069889783859253,16.708782196044922,1.1833046674728394,0.027003495022654533,2.133082389831543,1.2573500871658325,0.7978714108467102,584.5426635742188,0.5213658213615417,1184.7784423828125,0.28516528010368347,865.7278442382812,0.10862509906291962,0.5380640029907227
120,35.902957916259766,0.15559084713459015,0.8811821937561035,1.010943055152893,0.829672634601593,1.1516640186309814,0.9375810027122498,3.503190517425537,4.429098129272461,18.50252342224121,1.2624030113220215,0.038394153118133545,2.056199312210083,1.4141343832015991,0.8302615284919739,669.35888671875,0.3744537830352783,1237.1024169921875,0.24709074199199677,893.97998046875,0.10925933718681335,0.4917837083339691
121,32.75910186767578,0.1637779176235199,1.051285982131958,0.896348774433136,1.119181513786316,1.0517381429672241,0.8778232336044312,20.821489334106445,0.6599264740943909,10.833346366882324,1.4143141508102417,0.03390983119606972,1.8594684600830078,1.4082552194595337,0.7970438003540039,619.4937133789062,0.3460218906402588,1298.656982421875,0.20923516154289246,1006.7182006835938,0.10898496210575104,0.4658549427986145
122,34.19973373413086,0.19556118547916412,1.3808329105377197,0.8138566017150879,1.039697527885437,1.0291365385055542,1.1001594066619873,9.455818176269531,1.62993586063385,15.402623176574707,1.2937681674957275,0.028289102017879486,1.9717352390289307,1.1928839683532715,0.7696071267127991,547.1257934570312,0.4861696660518646,1104.10791015625,0.28262022137641907,813.0889282226562,0.11532890051603317,0.4774438738822937
123,36.84901428222656,0.17045958340168,0.7987237572669983,1.1312847137451172,0.6770306825637817,1.2670756578445435,1.0347944498062134,2.1130828857421875,7.90505838394165,17.807872772216797,1.2814815044403076,0.031241759657859802,2.044982671737671,1.397957444190979,0.8118146657943726,667.6826782226562,0.45377886295318604,1237.5941162109375,0.2499142289161682,898.4833374023438,0.10810840874910355,0.4045346677303314
124,36.26878356933594,0.1464783251285553,0.48135125637054443,1.0851662158966064,0.46697041392326355,1.5712002515792847,0.9753308296203613,11.88473892211914,1.1288368701934814,8.16508960723877,1.8321397304534912,0.029694220051169395,1.8816629648208618,1.36918306350708,0.8392890095710754,681.3267211914062,0.2772807776927948,1209.5098876953125,0.23229962587356567,978.4027099609375,0.10140858590602875,0.45771586894989014
125,24.368440628051758,0.35752251744270325,1.091374158859253,0.8608188629150391,1.0419867038726807,0.933177649974823,1.026705265045166,17.61629295349121,0.820874035358429,10.439339637756348,1.6736671924591064,0.03651706501841545,2.054637908935547,1.5435272455215454,0.7692176699638367,602.9868774414062,0.43453580141067505,1279.63330078125,0.2271752506494522,1036.8260498046875,0.1262696236371994,0.4856816828250885
126,34.13307189941406,0.1916523575782776,0.8081456422805786,1.1673805713653564,0.7440921068191528,1.3219833374023438,1.2003917694091797,8.492141723632812,1.6549909114837646,7.144114971160889,2.2812106609344482,0.03572562336921692,1.8658759593963623,1.5005848407745361,0.7774515748023987,659.5111083984375,0.36311912536621094,1210.90869140625,0.2553095817565918,931.9688720703125,0.10175476968288422,0.4865943491458893
127,23.770017623901367,0.33946335315704346,0.6434615254402161,0.9926347732543945,0.6660061478614807,1.1359983682632446,0.8447713255882263,14.492876052856445,0.9044265747070312,14.995121955871582,0.9518557786941528,0.059183284640312195,1.6318103075027466,1.9507404565811157,0.7406530380249023,554.994140625,0.40837362408638,1289.825439453125,0.2225314825773239,1068.3209228515625,0.12172410637140274,0.5699943900108337
128,23.341407775878906,0.346506267786026,0.5139868259429932,1.155357003211975,0.6281136274337769,1.2901428937911987,1.0116044282913208,14.323160171508789,0.8558174967765808,18.572359085083008,0.7914279699325562,0.05953187867999077,1.7003486156463623,2.0922439098358154,0.7311108112335205,586.0802001953125,0.3881394565105438,1290.604248046875,0.19596250355243683,1057.085693359375,0.1265927255153656,0.5136440992355347
129,35.38800048828125,0.2590940296649933,0.738532304763794,1.00728178024292,0.6464381814002991,1.4225480556488037,1.4775843620300293,8.732035636901855,1.4386084079742432,11.214547157287598,1.479177474975586,0.050720419734716415,2.10748553276062,1.5200433731079102,0.8700034618377686,632.1691284179688,0.4962005317211151,1207.5709228515625,0.263310968875885,929.46044921875,0.12577463686466217,0.5278608798980713
130,32.38554000854492,0.15789851546287537,0.722523033618927,0.9629765748977661,0.7005157470703125,1.2081328630447388,0.6279579401016235,15.146446228027344,0.9541146755218506,5.708065986633301,2.9998788833618164,0.045618489384651184,1.8221570253372192,1.5543051958084106,0.7667525410652161,653.789794921875,0.23726600408554077,1236.59521484375,0.1819508671760559,904.0570068359375,0.10006213188171387,0.39889827370643616
131,37.93762969970703,0.16914957761764526,0.8811100125312805,1.1432679891586304,0.7986593842506409,1.2747998237609863,1.397093415260315,7.270287036895752,1.9865113496780396,2.573025703430176,5.976068496704102,0.03946752846240997,1.9904838800430298,1.1426981687545776,0.7569108605384827,654.3790893554688,0.39153289794921875,1208.7802734375,0.2453983575105667,975.9118041992188,0.1328355371952057,0.4579719603061676
132,39.47002410888672,0.14557471871376038,0.34227150678634644,1.2059764862060547,0.26061683893203735,1.4878950119018555,1.532490611076355,10.591607093811035,1.4394246339797974,9.935345649719238,1.801463007926941,0.024099551141262054,2.458958625793457,1.1091917753219604,0.9775427579879761,721.2250366210938,0.4232809543609619,1196.0601806640625,0.2607259154319763,919.2919921875,0.11074737459421158,0.48840805888175964
133,38.93740463256836,0.23083673417568207,0.8776625394821167,1.1628268957138062,0.7574287056922913,1.3950556516647339,2.421015977859497,9.195815086364746,1.471483826637268,15.928752899169922,1.1462253332138062,0.04103972762823105,1.7041280269622803,1.4266778230667114,0.7571676969528198,644.0526733398438,0.5714351534843445,1079.945556640625,0.31748074293136597,842.6450805664062,0.14618699252605438,0.5893396735191345
134,38.09366989135742,0.15613286197185516,0.7687421441078186,0.8772907853126526,0.6239499449729919,1.0898876190185547,1.4453864097595215,17.0651798248291,0.8759840726852417,8.94638729095459,1.6894941329956055,0.030553573742508888,1.858942985534668,1.2605973482131958,0.8761305212974548,702.7767333984375,0.36464160680770874,1122.8599853515625,0.300881564617157,853.2373046875,0.09506819397211075,0.5612921118736267
135,38.39543151855469,0.142814502120018,1.233520269393921,0.9149617552757263,1.3948107957839966,1.1887263059616089,1.020379900932312,13.158049583435059,0.8944486975669861,12.669297218322754,1.1159961223602295,0.025980530306696892,2.134061336517334,1.043440580368042,1.1393985748291016,721.9515991210938,0.3234792947769165,1210.4493408203125,0.2358025759458542,909.609375,0.10326176881790161,0.4126166105270386
136,38.0356330871582,0.14390502870082855,1.0884814262390137,0.963930070400238,1.0051935911178589,1.1356929540634155,1.2324788570404053,6.422059535980225,1.9097473621368408,16.644180297851562,1.0629898309707642,0.027124512940645218,1.9315701723098755,1.212740182876587,0.9653475880622864,619.819091796875,0.49535295367240906,1174.2193603515625,0.2400825023651123,828.1351318359375,0.11721665412187576,0.48453080654144287
137,37.474571228027344,0.16673485934734344,0.7678486108779907,1.0062097311019897,0.8882204294204712,1.1461368799209595,1.0022610425949097,13.552366256713867,1.1318299770355225,18.760271072387695,1.1335258483886719,0.03750662878155708,2.150683879852295,1.3357151746749878,0.9481134414672852,657.8267211914062,0.35151010751724243,1217.690185546875,0.22514338791370392,914.4161987304688,0.09986548870801926,0.4634353220462799
138,30.331493377685547,0.34114331007003784,1.0271875858306885,0.7896242141723633,1.175176739692688,0.9052576422691345,0.7364988327026367,12.557177543640137,1.3299658298492432,3.5806186199188232,4.904911518096924,0.06012021750211716,1.480738639831543,1.7994303703308105,0.7219729423522949,689.8901977539062,0.25497207045555115,1225.9208984375,0.2547832429409027,910.8084106445312,0.09069541841745377,0.4050690233707428
139,35.925148010253906,0.16154581308364868,0.7561633586883545,1.2337846755981445,0.6205358505249023,1.4696226119995117,1.0912998914718628,4.147518157958984,3.9254679679870605,15.18312931060791,1.5591987371444702,0.03307264670729637,2.1984751224517822,1.1926193237304688,0.8875657916069031,662.0372924804688,0.4437160789966583,1271.2574462890625,0.25207817554473877,932.019287109375,0.1226620152592659,0.5057865977287292
140,35.14630889892578,0.15596240758895874,0.5237969756126404,1.381007432937622,0.3623642921447754,1.6746528148651123,1.1849689483642578,9.082660675048828,1.6627569198608398,5.719947814941406,2.6970417499542236,0.03172732889652252,2.490873098373413,1.3196768760681152,0.8730164170265198,602.8187866210938,0.3904089629650116,1267.2335205078125,0.21590106189250946,973.847900390625,0.12340889126062393,0.47387734055519104
141,36.57783126831055,0.19584764540195465,0.7171087265014648,0.9738098382949829,0.6405683159828186,1.3228226900100708,1.279664397239685,15.977667808532715,0.9204161167144775,11.567900657653809,1.3194950819015503,0.0350065603852272,1.8737505674362183,1.2934858798980713,0.9149618744850159,692.659423828125,0.3407214283943176,1112.70458984375,0.2605111002922058,834.134033203125,0.08424483984708786,0.5445704460144043
142,36.802818298339844,0.15577545762062073,0.5487209558486938,1.2473231554031372,0.6071848273277283,1.6707366704940796,1.1676998138427734,9.562313079833984,1.5855097770690918,8.404942512512207,1.7284168004989624,0.030610360205173492,1.796029806137085,1.471823811531067,0.8380097150802612,679.7108764648438,0.30987000465393066,1208.9068603515625,0.267863929271698,963.12060546875,0.11183380335569382,0.4632958769798279
143,37.286842346191406,0.16695469617843628,1.242875576019287,0.8167933821678162,1.27366304397583,1.0201188325881958,1.1595805883407593,16.192350387573242,0.8964717388153076,10.329665184020996,1.4792250394821167,0.03475346788764,1.8176138401031494,1.227290153503418,0.8417210578918457,690.1364135742188,0.33493146300315857,1132.8802490234375,0.27613207697868347,797.7930297851562,0.08663556724786758,0.56710284948349
144,38.94667053222656,0.1979427933692932,0.9891897439956665,0.9416056871414185,0.9443654417991638,1.139141321182251,1.2898467779159546,4.964850425720215,2.699671745300293,10.057283401489258,1.709466814994812,0.04960542544722557,1.784570336341858,1.2394081354141235,0.8309473991394043,708.2124633789062,0.4439230263233185,1233.226318359375,0.2846052050590515,982.39013671875,0.1286754161119461,0.4426291882991791
145,35.76192855834961,0.16931340098381042,0.9241974353790283,1.2086471319198608,0.7961819767951965,1.2919279336929321,1.2189193964004517,1.3601770401000977,12.077627182006836,9.414891242980957,1.9391385316848755,0.04393981024622917,1.8154199123382568,1.3445156812667847,0.765066385269165,668.1165771484375,0.379826158285141,1259.619873046875,0.25464797019958496,967.8663330078125,0.10264501720666885,0.5186272263526917
146,38.6124267578125,0.19643843173980713,0.9954929947853088,1.098412036895752,0.9095562696456909,1.2152435779571533,1.5983000993728638,5.30193567276001,2.416104793548584,3.764238119125366,3.6090755462646484,0.05021817609667778,2.011812925338745,1.2976512908935547,0.696439802646637,691.3310546875,0.46165162324905396,1175.18359375,0.27540022134780884,943.450439453125,0.1399478018283844,0.4836297929286957
147,36.63912582397461,0.1735992580652237,0.7009674310684204,0.9989324808120728,0.7308431267738342,1.4472497701644897,1.0450469255447388,13.558256149291992,1.102500081062317,9.968735694885254,1.6634358167648315,0.0345788449048996,2.3243322372436523,1.26694655418396,0.8660789132118225,688.3704223632812,0.28778964281082153,1201.9873046875,0.22200500965118408,885.93505859375,0.09719855338335037,0.5349026322364807
148,23.933568954467773,0.3719872832298279,0.6720903515815735,1.1235483884811401,0.9782662391662598,1.2003827095031738,1.5020368099212646,16.83159828186035,0.8489163517951965,17.005399703979492,0.9277215003967285,0.06351065635681152,1.7986701726913452,1.8559699058532715,0.7721999883651733,605.085693359375,0.5144070982933044,1303.472412109375,0.2224699854850769,1055.5753173828125,0.1418190747499466,0.5419926047325134
149,33.380104064941406,0.20467112958431244,0.5633593201637268,1.2407301664352417,0.49984413385391235,1.5431057214736938,1.006536841392517,10.48200798034668,1.3998771905899048,8.588690757751465,2.093299150466919,0.04170016944408417,1.7603206634521484,1.4814313650131226,0.8963335752487183,629.8609008789062,0.36544108390808105,1270.5064697265625,0.20489831268787384,933.917724609375,0.10889820754528046,0.45998814702033997
150,39.88389205932617,0.15498395264148712,0.4253320097923279,1.0796548128128052,0.3202863037586212,1.2629927396774292,1.7876548767089844,14.437131881713867,1.125279426574707,17.805212020874023,1.1907426118850708,0.03328339010477066,1.9706876277923584,1.3218282461166382,0.8809844851493835,694.2716674804688,0.5155444145202637,1124.120849609375,0.2629992663860321,884.7499389648438,0.11937940120697021,0.5714070796966553
151,38.30359649658203,0.18921242654323578,0.969895601272583,0.8404099345207214,0.823759138584137,1.1181936264038086,1.6059918403625488,4.471805095672607,3.6409451961517334,-1.9819833040237427,-8.736089706420898,0.03674323856830597,1.3612782955169678,1.5286906957626343,0.6249945163726807,659.4010620117188,0.4090767502784729,1170.1044921875,0.3094135820865631,901.6360473632812,0.12681299448013306,0.48623988032341003
152,34.686912536621094,0.141565203666687,1.173876404762268,0.9279030561447144,1.049791693687439,1.0321309566497803,1.0846160650253296,15.832133293151855,1.110304355621338,12.102920532226562,1.5792582035064697,0.03117106482386589,2.0867836475372314,1.1059858798980713,0.8167820572853088,617.5355834960938,0.3822239339351654,1218.608642578125,0.23744677007198334,849.8168334960938,0.10474760830402374,0.5666580200195312
153,36.15876388549805,0.18581871688365936,1.1040167808532715,0.9762773513793945,1.2413794994354248,1.2061940431594849,1.1095296144485474,2.9052393436431885,4.654803276062012,17.213233947753906,1.0454809665679932,0.04771220684051514,1.8949462175369263,1.543229341506958,0.7369425892829895,602.60986328125,0.39397427439689636,1146.7442626953125,0.27652567625045776,818.4126586914062,0.09947379678487778,0.5077660083770752
154,36.514129638671875,0.17228978872299194,0.6463647484779358,1.34054696559906,0.6162192821502686,1.6614435911178589,1.1990408897399902,3.375305414199829,4.795126438140869,11.009536743164062,1.6079583168029785,0.035379305481910706,2.164034366607666,1.3594738245010376,0.8768542408943176,685.56884765625,0.38352277874946594,1235.0341796875,0.2603095769882202,944.9246215820312,0.10000072419643402,0.4204893708229065
